<?xml version="1.0" encoding="UTF-8"?>
<beans:beans
	xmlns="http://www.springframework.org/schema/mvc"
	xmlns:xsi="http://www.w3.org/2001/XMLSchema-instance"
	xmlns:beans="http://www.springframework.org/schema/beans"
	xmlns:context="http://www.springframework.org/schema/context"
	xsi:schemaLocation="http://www.springframework.org/schema/mvc https://www.springframework.org/schema/mvc/spring-mvc.xsd
		http://www.springframework.org/schema/beans https://www.springframework.org/schema/beans/spring-beans.xsd
		http://www.springframework.org/schema/context https://www.springframework.org/schema/context/spring-context.xsd">

	<!-- DispatcherServlet Context: defines this servlet's request-processing 
		infrastructure -->

	<!-- Enables the Spring MVC @Controller programming model -->
	<annotation-driven />

	<!-- Handles HTTP GET requests for /resources/** by efficiently serving 
		up static resources in the ${webappRoot}/resources directory -->
	<resources mapping="/resources/**" location="/resources/" />

	<!-- Resolves views selected for rendering by @Controllers to .jsp resources 
		in the /WEB-INF/views directory -->
	<beans:bean
		class="org.springframework.web.servlet.view.InternalResourceViewResolver">
		<beans:property name="prefix" value="/WEB-INF/views/" />
		<beans:property name="suffix" value=".jsp" />
	</beans:bean>

	<context:component-scan
		base-package="com.kh.teampro" />

	<!-- 파일 업로드 처리 -->
	<beans:bean id="multipartResolver"
		class="org.springframework.web.multipart.commons.CommonsMultipartResolver">
		<beans:property name="maxUploadSize" value="10485760" />
	</beans:bean>

	<!-- 파일 저장경로 설정 -->
	<beans:bean id="uploadPath" class="java.lang.String">
		<beans:constructor-arg value="C:/zzz/upload" />
	</beans:bean>

	<!-- 로그인 한 사용자만 접근할수 있도록 -->
	<!-- <beans:bean id="authInterceptor" -->
	<!-- class="com.kh.test.intercepter.AuthIntercepter"></beans:bean> -->

	<!-- <interceptors> -->
	<!-- <interceptor> -->
	<!-- 인터셉트할 컨트롤러 주소 -->
	<!-- <mapping path="/컨트롤러 주소/**/*"/> -->
	<!-- <mapping path="/컨트롤러 주소/**/*"/> -->
	<!-- 인터셉터하지 않을 예외 주소 -->
	<!-- <exclude-mapping path="/board/list"/> -->
	<!-- <exclude-mapping path="/user/login"/> -->
	<!-- <exclude-mapping path="/user/forgotPassword"/> -->
	<!-- <exclude-mapping path="/user/sendPassword"/> -->
	<!-- <beans:ref bean="authInterceptor"/> -->
	<!-- </interceptor> -->
	<!-- </interceptors> -->

	<!-- 인증메일 발송시 필요 -->
	<beans:bean id="mailSender"
		class="org.springframework.mail.javamail.JavaMailSenderImpl">
		<beans:property name="host" value="smtp.gmail.com" />
		<beans:property name="port" value="587" />
		<beans:property name="username"
			value="teamprobusan@gmail.com" />
		<beans:property name="password"
			value="xxtbtmkbmykyyhmk" />
		<beans:property name="javaMailProperties">
			<beans:props>
				<beans:prop key="mail.smtp.auth">true</beans:prop>
				<beans:prop key="mail.smtp.starttls.enable">true</beans:prop>
			</beans:props>
		</beans:property>
	</beans:bean>

</beans:beans>
