<?xml version="1.0" encoding="UTF-8"?>
<!DOCTYPE mapper
  PUBLIC "-//mybatis.org//DTD Mapper 3.0//EN"
  "https://mybatis.org/dtd/mybatis-3-mapper.dtd">

<mapper namespace="com.kh.teampro.UserMapper">
	<!-- 로그인 -->
	<select id="login" resultType="UserVo">
		select * from tbl_user_test
		where userid = #{userid}
		and upw = #{upw}
	</select>

	<!-- 아이디 중복 확인 -->
	<select id="dubCheckID" resultType="int">
		select count(*) from tbl_user_test
		where userid = #{userid}
	</select>
	
	<!-- 닉네임 중복 확인 -->
	<select id="dubCheckNickName" resultType="int">
		select count(*) from tbl_user_test
		where unickname = #{unickname}
	</select>

	<!-- 회원가입 -->
	<insert id="createAccount">
		insert into tbl_user_test
			(userid, upw, unickname, uemail)
		values
			(#{userid}, #{upw}, #{unickname}, #{uemail})
	</insert>
	
	<!-- 회원탈퇴 -->
	<delete id="deleteAccount">
		delete from tbl_user_test
		where userid = #{userid}
	</delete>
	
</mapper>