<?xml version="1.0" encoding="UTF-8"?>
<!DOCTYPE mapper
  PUBLIC "-//mybatis.org//DTD Mapper 3.0//EN"
  "https://mybatis.org/dtd/mybatis-3-mapper.dtd">

<mapper namespace="com.kh.teampro.LikeUserBoardMapper">
	<insert id="addLike">
		insert into tbl_likeuserboard
		values (#{unickname}, #{bno})
	</insert>
	
	<delete id="cancelLike">
		delete from tbl_likeuserboard
		where bno = #{bno}
		and unickname = #{unickname}
	</delete>
	
	<select id="userLiked" resultType="int">
		select count(*) from tbl_likeuserboard
		where bno = #{bno}
		and unickname = #{unickname}
	</select>
	
	<select id="countLikes" resultType="int">
		select count(*) from tbl_likeuserboard
		where bno = #{bno}
	</select>
	
	
</mapper>